{"stats":{"minecraft:used":{"minecraft:wooden_axe":153,"minecraft:spruce_sapling":22,"minecraft:golden_carrot":2,"minecraft:anvil":1,"minecraft:crafting_table":1,"alexsmobs:animal_dictionary":2,"tombstone:gift":2,"minecraft:spruce_log":2},"minecraft:picked_up":{"minecraft:stick":19,"minecraft:air":0,"minecraft:spruce_sapling":58,"minecraft:spruce_log":133,"minecraft:dirt":6,"minecraft:rabbit":1},"minecraft:custom":{"minecraft:time_since_rest":46255,"minecraft:sprint_one_cm":106360,"minecraft:damage_taken":23,"minecraft:walk_one_cm":126962,"minecraft:interact_with_anvil":2,"minecraft:mob_kills":1,"minecraft:drop":2,"minecraft:damage_dealt":22,"minecraft:interact_with_crafting_table":4,"minecraft:swim_one_cm":1564,"minecraft:fly_one_cm":114695,"minecraft:crouch_one_cm":15082,"minecraft:play_time":46255,"minecraft:sneak_time":848,"minecraft:walk_under_water_one_cm":273,"minecraft:jump":268,"minecraft:leave_game":3,"minecraft:time_since_death":46255,"minecraft:walk_on_water_one_cm":217,"minecraft:total_world_time":46255,"minecraft:fall_one_cm":7890},"minecraft:killed":{"minecraft:rabbit":1},"minecraft:mined":{"minecraft:spruce_log":137,"minecraft:grass_block":4,"minecraft:dirt":3,"minecraft:spruce_leaves":12,"minecraft:fern":2},"minecraft:broken":{"minecraft:wooden_axe":2},"minecraft:crafted":{"minecraft:crafting_table":1,"minecraft:spruce_planks":156,"minecraft:stick":4,"minecraft:wooden_pickaxe":1,"minecraft:wooden_axe":3},"minecraft:dropped":{"minecraft:spruce_log":32,"patchouli:guide_book":1}},"DataVersion":3465}