{"stats":{"minecraft:mined":{"minecraft:spruce_log":1,"minecraft:fern":1},"minecraft:custom":{"minecraft:jump":41,"minecraft:time_since_rest":23257,"minecraft:leave_game":1,"minecraft:play_time":23257,"minecraft:sprint_one_cm":13541,"minecraft:time_since_death":23257,"minecraft:walk_one_cm":29180,"minecraft:sneak_time":2,"minecraft:total_world_time":23257,"minecraft:interact_with_anvil":2,"minecraft:fly_one_cm":14287,"minecraft:fall_one_cm":1372},"minecraft:picked_up":{"minecraft:spruce_log":1},"minecraft:used":{"tombstone:gift":2,"alexsmobs:animal_dictionary":1,"minecraft:anvil":1,"minecraft:spruce_log":1}},"DataVersion":3465}