{"stats":{"minecraft:used":{"minecraft:stone_pickaxe":119,"minecraft:wooden_pickaxe":30,"minecraft:rotten_flesh":3,"minecraft:torch":4,"minecraft:dirt":9,"minecraft:anvil":1,"minecraft:crafting_table":2,"minecraft:spruce_log":2,"minecraft:wooden_axe":153,"minecraft:spruce_sapling":22,"minecraft:stone_axe":24,"minecraft:golden_carrot":5,"minecraft:cobblestone":13,"tombstone:gift":2,"alexsmobs:animal_dictionary":2},"minecraft:custom":{"minecraft:mob_kills":8,"minecraft:interact_with_anvil":2,"minecraft:interact_with_crafting_table":5,"minecraft:damage_dealt_resisted":0,"minecraft:time_since_death":3451,"minecraft:leave_game":3,"minecraft:time_since_rest":3287,"minecraft:sprint_one_cm":130103,"minecraft:damage_taken":309,"minecraft:walk_one_cm":220017,"minecraft:drop":8,"minecraft:damage_dealt":1337,"minecraft:swim_one_cm":1564,"minecraft:fly_one_cm":137064,"minecraft:crouch_one_cm":32141,"minecraft:play_time":58255,"tombstone:undead_killed":5,"minecraft:deaths":1,"minecraft:sneak_time":4876,"minecraft:walk_under_water_one_cm":9240,"minecraft:jump":371,"minecraft:walk_on_water_one_cm":5519,"minecraft:total_world_time":58255,"minecraft:fall_one_cm":10400},"minecraft:picked_up":{"minecraft:air":0,"minecraft:clay_ball":4,"minecraft:gunpowder":2,"minecraft:dirt":9,"minecraft:string":8,"minecraft:moss_carpet":1,"minecraft:bone":2,"minecraft:cobbled_deepslate":3,"tombstone:bag_of_seeds":2,"minecraft:rabbit":1,"minecraft:stick":19,"minecraft:raw_iron":24,"apotheosis:gem":1,"minecraft:torch":1,"minecraft:spruce_sapling":58,"tombstone:grave_dust":2,"minecraft:spruce_log":133,"minecraft:spider_eye":1,"minecraft:arrow":1,"minecraft:rotten_flesh":6,"minecraft:coal":29,"minecraft:cobblestone":76},"minecraft:killed_by":{"minecraft:spider":1},"minecraft:mined":{"minecraft:clay":1,"minecraft:torch":1,"minecraft:grass_block":4,"minecraft:spruce_leaves":12,"minecraft:iron_ore":7,"minecraft:fire":11,"minecraft:spruce_log":137,"minecraft:grass":2,"minecraft:coal_ore":29,"minecraft:deepslate_iron_ore":15,"minecraft:dirt":6,"minecraft:stone":79,"minecraft:small_dripleaf":1,"minecraft:deepslate":3,"minecraft:fern":2},"minecraft:killed":{"minecraft:cave_spider":1,"minecraft:rabbit":1,"minecraft:creeper":1,"minecraft:skeleton":1,"minecraft:zombie":4},"minecraft:broken":{"minecraft:wooden_axe":2},"minecraft:crafted":{"minecraft:crafting_table":2,"minecraft:spruce_planks":156,"minecraft:wooden_pickaxe":1,"minecraft:stone_axe":1,"minecraft:stick":4,"minecraft:stone_pickaxe":1,"minecraft:wooden_axe":3,"minecraft:torch":8},"minecraft:dropped":{"minecraft:cobblestone":8,"minecraft:rotten_flesh":3,"minecraft:clay_ball":4,"patchouli:guide_book":1,"minecraft:torch":2,"minecraft:wooden_axe":1,"minecraft:spruce_log":32,"minecraft:wooden_pickaxe":1}},"DataVersion":3465}