{"stats":{"minecraft:used":{"epicfight:skillbook":3,"minecraft:stone_pickaxe":143,"minecraft:wooden_pickaxe":30,"minecraft:rotten_flesh":3,"minecraft:torch":17,"minecraft:dirt":9,"minecraft:anvil":1,"minecraft:crafting_table":3,"minecraft:spruce_log":2,"minecraft:wooden_axe":153,"minecraft:spruce_sapling":22,"minecraft:stone_axe":59,"minecraft:golden_carrot":11,"minecraft:cobblestone":13,"minecraft:furnace":2,"tombstone:gift":4,"alexsmobs:animal_dictionary":2},"minecraft:picked_up":{"minecraft:air":0,"minecraft:clay_ball":4,"minecraft:gunpowder":2,"minecraft:dirt":9,"minecraft:string":12,"minecraft:moss_carpet":1,"minecraft:bone":2,"minecraft:cobbled_deepslate":3,"tombstone:bag_of_seeds":2,"minecraft:rabbit":1,"minecraft:stick":19,"minecraft:raw_iron":24,"apotheosis:gem":1,"minecraft:torch":1,"epicfight:skillbook":1,"minecraft:spruce_sapling":58,"tombstone:grave_dust":4,"minecraft:spruce_log":133,"minecraft:spider_eye":3,"minecraft:arrow":1,"minecraft:rotten_flesh":12,"minecraft:coal":29,"minecraft:cobblestone":76},"minecraft:custom":{"minecraft:interact_with_furnace":14,"minecraft:mob_kills":20,"minecraft:interact_with_anvil":2,"minecraft:interact_with_crafting_table":12,"minecraft:damage_dealt_resisted":0,"minecraft:time_since_death":15451,"minecraft:leave_game":3,"minecraft:time_since_rest":15287,"minecraft:sprint_one_cm":172826,"minecraft:damage_taken":649,"minecraft:walk_one_cm":308768,"minecraft:drop":11,"minecraft:damage_dealt":3415,"minecraft:swim_one_cm":1564,"minecraft:fly_one_cm":195370,"minecraft:crouch_one_cm":32141,"minecraft:play_time":70255,"tombstone:undead_killed":11,"minecraft:deaths":1,"minecraft:sneak_time":4891,"minecraft:walk_under_water_one_cm":10386,"minecraft:jump":549,"minecraft:walk_on_water_one_cm":7290,"minecraft:total_world_time":70255,"minecraft:fall_one_cm":13545},"minecraft:killed_by":{"minecraft:spider":1},"minecraft:mined":{"minecraft:clay":1,"minecraft:torch":1,"minecraft:grass_block":4,"minecraft:tall_grass":2,"minecraft:spruce_leaves":12,"minecraft:iron_ore":25,"minecraft:fire":11,"minecraft:spruce_log":137,"minecraft:grass":3,"minecraft:coal_ore":29,"minecraft:deepslate_iron_ore":21,"minecraft:dirt":6,"minecraft:stone":79,"minecraft:small_dripleaf":1,"minecraft:deepslate":3,"minecraft:fern":2},"minecraft:killed":{"minecraft:cave_spider":3,"minecraft:spider":4,"minecraft:rabbit":1,"minecraft:creeper":1,"minecraft:skeleton":3,"minecraft:zombie":8},"minecraft:broken":{"minecraft:stone_pickaxe":1,"minecraft:wooden_axe":2},"minecraft:crafted":{"minecraft:crafting_table":3,"minecraft:spruce_planks":156,"minecraft:wooden_pickaxe":1,"minecraft:furnace":2,"minecraft:stone_axe":1,"minecraft:air":0,"minecraft:shield":1,"minecraft:iron_axe":1,"minecraft:stick":132,"minecraft:iron_ingot":14,"minecraft:iron_pickaxe":1,"minecraft:stone_pickaxe":1,"minecraft:wooden_axe":3,"minecraft:iron_shovel":1,"minecraft:torch":44},"minecraft:dropped":{"minecraft:stone_axe":1,"minecraft:moss_carpet":1,"minecraft:cobblestone":8,"minecraft:rotten_flesh":3,"minecraft:clay_ball":4,"patchouli:guide_book":1,"minecraft:torch":2,"minecraft:bundle":1,"minecraft:wooden_axe":1,"minecraft:spruce_log":32,"minecraft:wooden_pickaxe":1}},"DataVersion":3465}