{"stats":{"minecraft:mined":{"minecraft:spruce_log":2,"minecraft:fern":1},"minecraft:custom":{"minecraft:jump":45,"minecraft:time_since_rest":26751,"minecraft:leave_game":2,"minecraft:play_time":26751,"minecraft:sprint_one_cm":23357,"minecraft:time_since_death":26751,"minecraft:walk_one_cm":41549,"minecraft:sneak_time":3,"minecraft:total_world_time":26751,"minecraft:interact_with_anvil":2,"minecraft:fly_one_cm":15225,"minecraft:fall_one_cm":1372},"minecraft:picked_up":{"minecraft:spruce_log":1},"minecraft:used":{"alexsmobs:animal_dictionary":1,"tombstone:gift":2,"minecraft:anvil":1,"minecraft:spruce_log":2}},"DataVersion":3465}