{"stats":{"minecraft:picked_up":{"minecraft:spruce_log":1},"minecraft:used":{"alexsmobs:animal_dictionary":2,"tombstone:gift":2,"minecraft:golden_carrot":1,"minecraft:anvil":1,"minecraft:spruce_log":2},"minecraft:custom":{"minecraft:jump":72,"minecraft:time_since_rest":34255,"minecraft:leave_game":3,"minecraft:play_time":34255,"minecraft:sprint_one_cm":28157,"minecraft:time_since_death":34255,"minecraft:walk_one_cm":48824,"minecraft:sneak_time":3,"minecraft:total_world_time":34255,"minecraft:interact_with_anvil":2,"minecraft:fly_one_cm":24812,"minecraft:fall_one_cm":1999,"minecraft:drop":1},"minecraft:mined":{"minecraft:spruce_log":2,"minecraft:fern":1},"minecraft:dropped":{"patchouli:guide_book":1}},"DataVersion":3465}