{"stats":{"minecraft:picked_up":{"minecraft:raw_iron":16,"minecraft:glow_ink_sac":2,"minecraft:torch":3,"aquaculture:stone_fillet_knife":1,"minecraft:spruce_log":32,"minecraft:string":5,"minecraft:rotten_flesh":3,"minecraft:cobbled_deepslate":2,"minecraft:moss_block":1,"minecraft:cobblestone":19},"minecraft:used":{"minecraft:moss_block":1,"minecraft:bread":3,"minecraft:stone_pickaxe":33,"minecraft:rotten_flesh":3,"minecraft:torch":2,"minecraft:cobblestone":3,"minecraft:furnace":1,"aquaculture:stone_fillet_knife":34},"minecraft:custom":{"minecraft:time_since_rest":7350,"minecraft:interact_with_furnace":11,"minecraft:sprint_one_cm":183410,"minecraft:damage_taken":1339,"minecraft:walk_one_cm":151586,"minecraft:drop":2,"minecraft:damage_dealt":92,"minecraft:swim_one_cm":1718,"minecraft:interact_with_crafting_table":8,"minecraft:fly_one_cm":47164,"minecraft:crouch_one_cm":426,"minecraft:play_time":30615,"minecraft:deaths":2,"minecraft:sneak_time":136,"minecraft:walk_under_water_one_cm":1988,"minecraft:jump":199,"minecraft:walk_on_water_one_cm":4421,"minecraft:time_since_death":9749,"minecraft:total_world_time":30615,"minecraft:climb_one_cm":0,"minecraft:fall_one_cm":7868},"minecraft:killed_by":{"minecraft:cave_spider":1},"minecraft:mined":{"minecraft:iron_ore":10,"minecraft:fire":1,"minecraft:moss_carpet":1,"minecraft:torch":1,"minecraft:grass":3,"minecraft:cave_vines":1,"minecraft:deepslate_iron_ore":9,"minecraft:cobweb":11,"minecraft:stone":11,"minecraft:moss_block":1,"minecraft:deepslate":2},"minecraft:crafted":{"minecraft:shield":1,"minecraft:iron_axe":1,"minecraft:spruce_planks":128,"minecraft:stick":8,"minecraft:iron_pickaxe":1,"minecraft:iron_ingot":14,"minecraft:stone_pickaxe":1,"aquaculture:stone_fillet_knife":1,"minecraft:furnace":1,"minecraft:air":0},"minecraft:dropped":{"aquaculture:stone_fillet_knife":2}},"DataVersion":3465}