{"stats":{"minecraft:picked_up":{"minecraft:raw_iron":3,"minecraft:glow_ink_sac":2,"minecraft:rotten_flesh":3,"minecraft:torch":2,"aquaculture:stone_fillet_knife":1,"minecraft:spruce_log":32,"minecraft:moss_block":1,"minecraft:string":5,"minecraft:cobblestone":9},"minecraft:custom":{"minecraft:time_since_rest":3000,"minecraft:deaths":1,"minecraft:crouch_one_cm":426,"minecraft:play_time":18615,"minecraft:sprint_one_cm":122562,"minecraft:damage_taken":1024,"minecraft:walk_one_cm":102227,"minecraft:sneak_time":136,"minecraft:walk_under_water_one_cm":1988,"minecraft:drop":1,"minecraft:jump":136,"minecraft:damage_dealt":92,"minecraft:time_since_death":3394,"minecraft:walk_on_water_one_cm":4421,"minecraft:climb_one_cm":0,"minecraft:total_world_time":18615,"minecraft:swim_one_cm":1718,"minecraft:interact_with_crafting_table":2,"minecraft:fall_one_cm":6761,"minecraft:fly_one_cm":31253},"minecraft:used":{"minecraft:moss_block":1,"minecraft:rotten_flesh":3,"minecraft:torch":1,"minecraft:stone_pickaxe":8,"aquaculture:stone_fillet_knife":34},"minecraft:mined":{"minecraft:grass":3,"minecraft:cave_vines":1,"minecraft:deepslate_iron_ore":5,"minecraft:iron_ore":1,"minecraft:cobweb":11,"minecraft:fire":1,"minecraft:moss_block":1,"minecraft:stone":1,"minecraft:moss_carpet":1},"minecraft:crafted":{"minecraft:spruce_planks":4,"minecraft:stick":4,"minecraft:stone_pickaxe":1,"aquaculture:stone_fillet_knife":1},"minecraft:dropped":{"aquaculture:stone_fillet_knife":1}},"DataVersion":3465}