{"stats":{"minecraft:picked_up":{"minecraft:spruce_log":32},"minecraft:custom":{"minecraft:jump":39,"minecraft:time_since_rest":6615,"minecraft:crouch_one_cm":426,"minecraft:damage_taken":30,"minecraft:sprint_one_cm":54125,"minecraft:play_time":6615,"minecraft:walk_on_water_one_cm":639,"minecraft:time_since_death":6615,"minecraft:walk_one_cm":18032,"minecraft:sneak_time":131,"minecraft:total_world_time":6615,"minecraft:walk_under_water_one_cm":128,"minecraft:swim_one_cm":1718,"minecraft:fall_one_cm":1582,"minecraft:fly_one_cm":13960},"minecraft:crafted":{"minecraft:spruce_planks":4}},"DataVersion":3465}